name,art,ability,slug
Abomination,https://marvelsnapzone.com/wp-content/themes/blocksy-child/assets/media/cards/abomination.webp?v=149,No ability,Abomination
AbsorbingMan,https://marvelsnapzone.com/wp-content/themes/blocksy-child/assets/media/cards/absorbing-man.webp?v=149,"On reveal: If the last card you played has an on reveal, copy its text. (if it's in play)",AbsorbingMan
AdamWarlock,https://marvelsnapzone.com/wp-content/themes/blocksy-child/assets/media/cards/adam-warlock.webp?v=149,"After each turn, draw a card if you're winning here.",AdamWarlock
Aero,https://marvelsnapzone.com/wp-content/themes/blocksy-child/assets/media/cards/aero.webp?v=149,On reveal: Move the last enemy card played anywhere to this location.,Aero
AgathaHarkness,https://marvelsnapzone.com/wp-content/themes/blocksy-child/assets/media/cards/agatha-harkness.webp?v=149,Agatha starts in your hand and plays your cards for you.,AgathaHarkness
Agent13,https://marvelsnapzone.com/wp-content/themes/blocksy-child/assets/media/cards/agent-13.webp?v=149,On reveal: Add a random card to your hand.,Agent13
AgentCoulson,https://marvelsnapzone.com/wp-content/themes/blocksy-child/assets/media/cards/agent-coulson.webp?v=149,On reveal: Add a random 4-cost and 5-cost card to your hand.,AgentCoulson
Alioth,https://marvelsnapzone.com/wp-content/themes/blocksy-child/assets/media/cards/alioth.webp?v=149,On reveal: Destroy all unrevealed enemy cards here.,Alioth
AmericaChavez,https://marvelsnapzone.com/wp-content/themes/blocksy-child/assets/media/cards/america-chavez.webp?v=149,On reveal: The top card of your deck gets +2 power.,AmericaChavez
Angel,https://marvelsnapzone.com/wp-content/themes/blocksy-child/assets/media/cards/angel.webp?v=149,"When one of your cards is destroyed, this flies out of your deck to replace it.",Angel
Angela,https://marvelsnapzone.com/wp-content/themes/blocksy-child/assets/media/cards/angela.webp?v=149,"After you play a card here, +1 power.",Angela
Annihilus,https://marvelsnapzone.com/wp-content/themes/blocksy-child/assets/media/cards/annihilus.webp?v=149,On reveal: Your cards with 0 or less power switch sides. Destroy those that can't.,Annihilus
AntMan,https://marvelsnapzone.com/wp-content/themes/blocksy-child/assets/media/cards/ant-man.webp?v=149,"Ongoing: If your side of this location is full, +3 power.",AntMan
Apocalypse,https://marvelsnapzone.com/wp-content/themes/blocksy-child/assets/media/cards/apocalypse.webp?v=149,"When you discard this, put it back with +4 power.",Apocalypse
Armor,https://marvelsnapzone.com/wp-content/themes/blocksy-child/assets/media/cards/armor.webp?v=149,Ongoing: Cards here can't be destroyed.,Armor
ArnimZola,https://marvelsnapzone.com/wp-content/themes/blocksy-child/assets/media/cards/arnim-zola.webp?v=149,On reveal: Destroy one of your other cards here to copy it at the other locations.,ArnimZola
Attuma,https://marvelsnapzone.com/wp-content/themes/blocksy-child/assets/media/cards/attuma.webp?v=149,"After each turn, destroy this if you have another card here.",Attuma
BaronMordo,https://marvelsnapzone.com/wp-content/themes/blocksy-child/assets/media/cards/baron-mordo.webp?v=149,On reveal: Your opponent draws a card. Set its cost to 6.,BaronMordo
Bast,https://marvelsnapzone.com/wp-content/themes/blocksy-child/assets/media/cards/bast.webp?v=149,On reveal: Set the power of all cards in your hand to 3.,Bast
Beast,https://marvelsnapzone.com/wp-content/themes/blocksy-child/assets/media/cards/beast.webp?v=149,On reveal: Return your other cards here to your hand. Give them -1 cost.,Beast
BetaRayBill,https://marvelsnapzone.com/wp-content/themes/blocksy-child/assets/media/cards/beta-ray-bill.webp?v=149,On reveal: Shuffle stormbreaker into your deck.,BetaRayBill
Bishop,https://marvelsnapzone.com/wp-content/themes/blocksy-child/assets/media/cards/bishop.webp?v=149,"After you play a card, this gains +1 power.",Bishop
BlackBolt,https://marvelsnapzone.com/wp-content/themes/blocksy-child/assets/media/cards/black-bolt.webp?v=149,On reveal: Discard the lowest-cost card from your opponent's hand.,BlackBolt
BlackCat,https://marvelsnapzone.com/wp-content/themes/blocksy-child/assets/media/cards/black-cat.webp?v=149,"If this is in your hand after the turn, discard it.",BlackCat
BlackKnight,https://marvelsnapzone.com/wp-content/themes/blocksy-child/assets/media/cards/black-knight.webp?v=149,No ability,BlackKnight
BlackPanther,https://marvelsnapzone.com/wp-content/themes/blocksy-child/assets/media/cards/black-panther.webp?v=149,On reveal: Double this card's power.,BlackPanther
BlackSwan,https://marvelsnapzone.com/wp-content/themes/blocksy-child/assets/media/cards/black-swan.webp?v=149,"On reveal: Until the end of next turn, your 1-cost cards cost 0.",BlackSwan
BlackWidow,https://marvelsnapzone.com/wp-content/themes/blocksy-child/assets/media/cards/black-widow.webp?v=149,On reveal: Add a widow's bite to your opponent's hand.,BlackWidow
Blade,https://marvelsnapzone.com/wp-content/themes/blocksy-child/assets/media/cards/blade.webp?v=149,On reveal: Discard the rightmost card from your hand.,Blade
Blob,https://marvelsnapzone.com/wp-content/themes/blocksy-child/assets/media/cards/blob.webp?v=149,On reveal: Merge your deck into this. (and gain its total power) ongoing: Can't be moved.,Blob
BlueMarvel,https://marvelsnapzone.com/wp-content/themes/blocksy-child/assets/media/cards/blue-marvel.webp?v=149,Ongoing: Your other cards have +1 power.,BlueMarvel
Brood,https://marvelsnapzone.com/wp-content/themes/blocksy-child/assets/media/cards/brood.webp?v=149,On reveal: Add 2 broodlings here with the same power.,Brood
Broodling,https://marvelsnapzone.com/wp-content/themes/blocksy-child/assets/media/cards/broodling.webp?v=149,No ability,Broodling
BuckyBarnes,https://marvelsnapzone.com/wp-content/themes/blocksy-child/assets/media/cards/bucky-barnes.webp?v=149,"When this is destroyed, replace it with the winter soldier.",BuckyBarnes
Cable,https://marvelsnapzone.com/wp-content/themes/blocksy-child/assets/media/cards/cable.webp?v=149,On reveal: Draw a card from your opponent's deck.,Cable
Caiera,https://marvelsnapzone.com/wp-content/themes/blocksy-child/assets/media/cards/caiera.webp?v=149,Ongoing: Your 1 and 6-cost cards can't be destroyed.,Caiera
CaptainAmerica,https://marvelsnapzone.com/wp-content/themes/blocksy-child/assets/media/cards/captain-america.webp?v=149,Ongoing: Your other cards here have +1 power.,CaptainAmerica
CaptainMarvel,https://marvelsnapzone.com/wp-content/themes/blocksy-child/assets/media/cards/captain-marvel.webp?v=149,"At the end of the game, move to a location that wins you the game. (if possible)",CaptainMarvel
Carnage,https://marvelsnapzone.com/wp-content/themes/blocksy-child/assets/media/cards/carnage.webp?v=149,On reveal: Destroy your other cards here. +2 power for each destroyed.,Carnage
Cerebro,https://marvelsnapzone.com/wp-content/themes/blocksy-child/assets/media/cards/cerebro.webp?v=149,Ongoing: Your highest-power cards have +2 power.,Cerebro
Cloak,https://marvelsnapzone.com/wp-content/themes/blocksy-child/assets/media/cards/cloak.webp?v=149,"On reveal: Next turn, both players can move cards to this location.",Cloak
ColleenWing,https://marvelsnapzone.com/wp-content/themes/blocksy-child/assets/media/cards/colleen-wing.webp?v=149,On reveal: Discard the lowest-cost card from your hand.,ColleenWing
Colossus,https://marvelsnapzone.com/wp-content/themes/blocksy-child/assets/media/cards/colossus.webp?v=149,"Ongoing: Can't be destroyed, moved, or have its power reduced.",Colossus
CorvusGlaive,https://marvelsnapzone.com/wp-content/themes/blocksy-child/assets/media/cards/corvus-glaive.webp?v=149,On reveal: Discard 2 cards from your hand to get +1 max energy.,CorvusGlaive
Cosmo,https://marvelsnapzone.com/wp-content/themes/blocksy-child/assets/media/cards/cosmo.webp?v=149,Ongoing: On reveal abilities won't happen here.,Cosmo
Crossbones,https://marvelsnapzone.com/wp-content/themes/blocksy-child/assets/media/cards/crossbones.webp?v=149,You can only play this at locations where you are winning.,Crossbones
Crystal,https://marvelsnapzone.com/wp-content/themes/blocksy-child/assets/media/cards/crystal.webp?v=149,On reveal: Each player draws a card.,Crystal
CullObsidian,https://marvelsnapzone.com/wp-content/themes/blocksy-child/assets/media/cards/cull-obsidian.webp?v=149,You can only play this at a location with an infinity stone. Ongoing: Can't be destroyed.,CullObsidian
Cyclops,https://marvelsnapzone.com/wp-content/themes/blocksy-child/assets/media/cards/cyclops.webp?v=149,No ability,Cyclops
Dagger,https://marvelsnapzone.com/wp-content/themes/blocksy-child/assets/media/cards/dagger.webp?v=149,"When this moves to a location, +2 power for each enemy card there.",Dagger
Daken,https://marvelsnapzone.com/wp-content/themes/blocksy-child/assets/media/cards/daken.webp?v=149,On reveal: Add the muramasa shard to your hand.,Daken
Daredevil,https://marvelsnapzone.com/wp-content/themes/blocksy-child/assets/media/cards/daredevil.webp?v=149,"On turn 5, you get to see your opponent's plays before you make your own.",Daredevil
Darkhawk,https://marvelsnapzone.com/wp-content/themes/blocksy-child/assets/media/cards/darkhawk.webp?v=149,Ongoing: +2 power for each card in your opponent's deck.,Darkhawk
Dazzler,https://marvelsnapzone.com/wp-content/themes/blocksy-child/assets/media/cards/dazzler.webp?v=149,Ongoing: +2 power for each location that's full on your side.,Dazzler
Deadpool,https://marvelsnapzone.com/wp-content/themes/blocksy-child/assets/media/cards/deadpool.webp?v=149,"When this is destroyed, return it to your hand with double the power.",Deadpool
Death,https://marvelsnapzone.com/wp-content/themes/blocksy-child/assets/media/cards/death.webp?v=149,Costs 1 less for each card destroyed this game.,Death
Deathlok,https://marvelsnapzone.com/wp-content/themes/blocksy-child/assets/media/cards/deathlok.webp?v=149,On reveal: Destroy your other cards here.,Deathlok
Debrii,https://marvelsnapzone.com/wp-content/themes/blocksy-child/assets/media/cards/debrii.webp?v=149,"On reveal: Add a rock to each other location, for both players.",Debrii
Demon,https://marvelsnapzone.com/wp-content/themes/blocksy-child/assets/media/cards/demon.webp?v=149,No ability,Demon
Destroyer,https://marvelsnapzone.com/wp-content/themes/blocksy-child/assets/media/cards/destroyer.webp?v=149,On reveal: Destroy your other cards.,Destroyer
DevilDinosaur,https://marvelsnapzone.com/wp-content/themes/blocksy-child/assets/media/cards/devil-dinosaur.webp?v=149,Ongoing: +2 power for each card in your hand.,DevilDinosaur
Djinn,https://marvelsnapzone.com/wp-content/themes/blocksy-child/assets/media/cards/djinn.webp?v=149,"On reveal: Next turn, you get +2 energy.",Djinn
DoctorDoom,https://marvelsnapzone.com/wp-content/themes/blocksy-child/assets/media/cards/doctor-doom.webp?v=149,On reveal: Add a 5-power doombot to each other location.,DoctorDoom
DoctorOctopus,https://marvelsnapzone.com/wp-content/themes/blocksy-child/assets/media/cards/doctor-octopus.webp?v=149,On reveal: Pull 4 cards from your opponent's hand to their side of this location.,DoctorOctopus
DoctorStrange,https://marvelsnapzone.com/wp-content/themes/blocksy-child/assets/media/cards/doctor-strange.webp?v=149,On reveal: Move your highest-power card(s) to this location.,DoctorStrange
Domino,https://marvelsnapzone.com/wp-content/themes/blocksy-child/assets/media/cards/domino.webp?v=149,"You always draw this card on turn 2, and not before.",Domino
Doombot,https://marvelsnapzone.com/wp-content/themes/blocksy-child/assets/media/cards/doombot.webp?v=149,No ability,Doombot
Dracula,https://marvelsnapzone.com/wp-content/themes/blocksy-child/assets/media/cards/dracula.webp?v=149,"At the end of the game, discard a card from your hand. This has its power.",Dracula
Drax,https://marvelsnapzone.com/wp-content/themes/blocksy-child/assets/media/cards/drax.webp?v=149,"On reveal: If your opponent played a card here this turn, +2 power.",Drax
Drone,https://marvelsnapzone.com/wp-content/themes/blocksy-child/assets/media/cards/drone.webp?v=149,No ability,Drone
EbonyMaw,https://marvelsnapzone.com/wp-content/themes/blocksy-child/assets/media/cards/ebony-maw.webp?v=149,You can't play this after turn 3. Ongoing: You can't play cards here.,EbonyMaw
Echo,https://marvelsnapzone.com/wp-content/themes/blocksy-child/assets/media/cards/echo.webp?v=149,"After your opponent plays an ongoing card here, remove its abilities.",Echo
Electro,https://marvelsnapzone.com/wp-content/themes/blocksy-child/assets/media/cards/electro.webp?v=149,On reveal: +1 max energy. Ongoing: You can only play 1 card a turn.,Electro
Elektra,https://marvelsnapzone.com/wp-content/themes/blocksy-child/assets/media/cards/elektra.webp?v=149,On reveal: Destroy an enemy 1-cost card here.,Elektra
ElsaBloodstone,https://marvelsnapzone.com/wp-content/themes/blocksy-child/assets/media/cards/elsa-bloodstone.webp?v=149,"After you play a card that fills this location, give it +2 power.",ElsaBloodstone
Enchantress,https://marvelsnapzone.com/wp-content/themes/blocksy-child/assets/media/cards/enchantress.webp?v=149,On reveal: Remove the abilities from all ongoing cards here.,Enchantress
EvolvedAbomination,https://marvelsnapzone.com/wp-content/themes/blocksy-child/assets/media/cards/evolved-abomination.webp?v=149,Costs 1 less for each enemy card in play that's afflicted with negative power.,EvolvedAbomination
EvolvedCyclops,https://marvelsnapzone.com/wp-content/themes/blocksy-child/assets/media/cards/evolved-cyclops.webp?v=149,"When you end a turn with unspent energy, afflict 2 enemy cards here with -1 power.",EvolvedCyclops
EvolvedHulk,https://marvelsnapzone.com/wp-content/themes/blocksy-child/assets/media/cards/evolved-hulk.webp?v=149,No ability,EvolvedHulk
EvolvedMistyKnight,https://marvelsnapzone.com/wp-content/themes/blocksy-child/assets/media/cards/evolved-misty-knight.webp?v=149,"When you end a turn with unspent energy, give one of your other cards +1 power.",EvolvedMistyKnight
EvolvedShocker,https://marvelsnapzone.com/wp-content/themes/blocksy-child/assets/media/cards/evolved-shocker.webp?v=149,On reveal: Give the leftmost card in your hand -1 cost.,EvolvedShocker
EvolvedTheThing,https://marvelsnapzone.com/wp-content/themes/blocksy-child/assets/media/cards/evolved-the-thing.webp?v=149,On reveal: Afflict 3 enemy cards here with -1 power.,EvolvedTheThing
EvolvedWasp,https://marvelsnapzone.com/wp-content/themes/blocksy-child/assets/media/cards/evolved-wasp.webp?v=149,On reveal: Afflict an enemy card here with -1 power.,EvolvedWasp
Falcon,https://marvelsnapzone.com/wp-content/themes/blocksy-child/assets/media/cards/falcon.webp?v=149,On reveal: Return your 1-cost cards to your hand.,Falcon
Firestar,https://marvelsnapzone.com/wp-content/themes/blocksy-child/assets/media/cards/firestar.webp?v=149,On reveal: Each card you played last turn gains +3 power.,Firestar
Forge,https://marvelsnapzone.com/wp-content/themes/blocksy-child/assets/media/cards/forge.webp?v=149,On reveal: Give the next card you play +2 power.,Forge
Galactus,https://marvelsnapzone.com/wp-content/themes/blocksy-child/assets/media/cards/galactus.webp?v=149,"On reveal: If you're winning this location and this is your only card here, destroy all other locations.",Galactus
Gambit,https://marvelsnapzone.com/wp-content/themes/blocksy-child/assets/media/cards/gambit.webp?v=149,On reveal: Discard a card from your hand to destroy a random enemy card.,Gambit
Gamora,https://marvelsnapzone.com/wp-content/themes/blocksy-child/assets/media/cards/gamora.webp?v=149,"On reveal: If your opponent played a card here this turn, +5 power.",Gamora
Ghost,https://marvelsnapzone.com/wp-content/themes/blocksy-child/assets/media/cards/ghost.webp?v=149,Ongoing: Your cards are always revealed last. (their on reveal abilities happen last.),Ghost
GhostRider,https://marvelsnapzone.com/wp-content/themes/blocksy-child/assets/media/cards/ghost-rider.webp?v=149,On reveal: Bring back one of your discarded cards to this location.,GhostRider
GhostSpider,https://marvelsnapzone.com/wp-content/themes/blocksy-child/assets/media/cards/ghost-spider.webp?v=149,On reveal: The last card you played moves here.,GhostSpider
Giganto,https://marvelsnapzone.com/wp-content/themes/blocksy-child/assets/media/cards/giganto.webp?v=149,You can only play this at the left location.,Giganto
Gladiator,https://marvelsnapzone.com/wp-content/themes/blocksy-child/assets/media/cards/gladiator.webp?v=149,"On reveal: Add a card from your opponent's deck to their side of this location. If it has less power, destroy it.",Gladiator
Goose,https://marvelsnapzone.com/wp-content/themes/blocksy-child/assets/media/cards/goose.webp?v=149,"Ongoing: Nobody can play cards that cost 4, 5, or 6 here.",Goose
GrandMaster,https://marvelsnapzone.com/wp-content/themes/blocksy-child/assets/media/cards/grand-master.webp?v=149,On reveal: Move one of your other on reveal cards here to the middle location. Its ability happens again.,GrandMaster
GreenGoblin,https://marvelsnapzone.com/wp-content/themes/blocksy-child/assets/media/cards/green-goblin.webp?v=149,On reveal: Switch sides.,GreenGoblin
Groot,https://marvelsnapzone.com/wp-content/themes/blocksy-child/assets/media/cards/groot.webp?v=149,"On reveal: If your opponent played a card here this turn, +2 power.",Groot
Havok,https://marvelsnapzone.com/wp-content/themes/blocksy-child/assets/media/cards/havok.webp?v=149,"After each turn, you lose 1 max energy and this gains +4 power.",Havok
Hawkeye,https://marvelsnapzone.com/wp-content/themes/blocksy-child/assets/media/cards/hawkeye.webp?v=149,"On reveal: If you play a card at this location next turn, +3 power.",Hawkeye
Hazmat,https://marvelsnapzone.com/wp-content/themes/blocksy-child/assets/media/cards/hazmat.webp?v=149,On reveal: Afflict all other cards with -1 power.,Hazmat
Heimdall,https://marvelsnapzone.com/wp-content/themes/blocksy-child/assets/media/cards/heimdall.webp?v=149,On reveal: Move your other cards one location to the left.,Heimdall
Hela,https://marvelsnapzone.com/wp-content/themes/blocksy-child/assets/media/cards/hela.webp?v=149,On reveal: Resurrect all cards you discarded to random locations.,Hela
Helicarrier,https://marvelsnapzone.com/wp-content/themes/blocksy-child/assets/media/cards/helicarrier.webp?v=149,"When you discard this, add 3 random cards to your hand.",Helicarrier
Hellcow,https://marvelsnapzone.com/wp-content/themes/blocksy-child/assets/media/cards/hellcow.webp?v=149,On reveal: Discard 2 cards from your hand.,Hellcow
Hercules,https://marvelsnapzone.com/wp-content/themes/blocksy-child/assets/media/cards/hercules.webp?v=149,"The first time another card moves here each turn, move it to another location.",Hercules
HighEvolutionary,https://marvelsnapzone.com/wp-content/themes/blocksy-child/assets/media/cards/high-evolutionary.webp?v=149,"At the start of the game, unlock the potential of your cards with no abilities.",HighEvolutionary
HitMonkey,https://marvelsnapzone.com/wp-content/themes/blocksy-child/assets/media/cards/hit-monkey.webp?v=149,On reveal: Gain +2 power for each other card you played this turn.,HitMonkey
Hobgoblin,https://marvelsnapzone.com/wp-content/themes/blocksy-child/assets/media/cards/hobgoblin.webp?v=149,On reveal: Switch sides.,Hobgoblin
HowardTheDuck,https://marvelsnapzone.com/wp-content/themes/blocksy-child/assets/media/cards/howard-the-duck.webp?v=149,Ongoing: Tap this to see the top card of your deck.,HowardTheDuck
Hulk,https://marvelsnapzone.com/wp-content/themes/blocksy-child/assets/media/cards/hulk.webp?v=149,No ability,Hulk
Hulkbuster,https://marvelsnapzone.com/wp-content/themes/blocksy-child/assets/media/cards/hulkbuster.webp?v=149,On reveal: Merge this with one of your cards here.,Hulkbuster
HumanTorch,https://marvelsnapzone.com/wp-content/themes/blocksy-child/assets/media/cards/human-torch.webp?v=149,"When this moves, double its power.",HumanTorch
Iceman,https://marvelsnapzone.com/wp-content/themes/blocksy-child/assets/media/cards/iceman.webp?v=149,On reveal: Give a card in your opponent's hand +1 cost. (maximum 6),Iceman
Illusion!,https://marvelsnapzone.com/wp-content/themes/blocksy-child/assets/media/cards/illusion!.webp?v=149,This is a fake mysterio!,Illusion!
InvisibleWoman,https://marvelsnapzone.com/wp-content/themes/blocksy-child/assets/media/cards/invisible-woman.webp?v=149,Ongoing: Cards you play here are not revealed until the game ends.,InvisibleWoman
IronFist,https://marvelsnapzone.com/wp-content/themes/blocksy-child/assets/media/cards/iron-fist.webp?v=149,"On reveal: After you play your next card, move it one location to the left.",IronFist
IronLad,https://marvelsnapzone.com/wp-content/themes/blocksy-child/assets/media/cards/iron-lad.webp?v=149,On reveal: Copy the text of your deck's top card.,IronLad
IronMan,https://marvelsnapzone.com/wp-content/themes/blocksy-child/assets/media/cards/iron-man.webp?v=149,Ongoing: Your total power is doubled here.,IronMan
Ironheart,https://marvelsnapzone.com/wp-content/themes/blocksy-child/assets/media/cards/ironheart.webp?v=149,On reveal: Give 3 of your other cards +2 power.,Ironheart
JaneFosterMightyThor,https://marvelsnapzone.com/wp-content/themes/blocksy-child/assets/media/cards/jane-foster-mighty-thor.webp?v=149,On reveal: Draw all cards that cost 0 from your deck.,JaneFosterMightyThor
JeanGrey,https://marvelsnapzone.com/wp-content/themes/blocksy-child/assets/media/cards/jean-grey.webp?v=149,Ongoing: Players must play their first card here each turn. (if possible),JeanGrey
JeffTheBabyLandShark,https://marvelsnapzone.com/wp-content/themes/blocksy-child/assets/media/cards/jeff-the-baby-land-shark.webp?v=149,You can move this once. Nothing can stop you from moving or playing this to any location.,JeffTheBabyLandShark
JessicaJones,https://marvelsnapzone.com/wp-content/themes/blocksy-child/assets/media/cards/jessica-jones.webp?v=149,"On reveal: If you don't play a card at this location next turn, +4 power.",JessicaJones
Jubilee,https://marvelsnapzone.com/wp-content/themes/blocksy-child/assets/media/cards/jubilee.webp?v=149,On reveal: Add the top card of your deck to this location.,Jubilee
Juggernaut,https://marvelsnapzone.com/wp-content/themes/blocksy-child/assets/media/cards/juggernaut.webp?v=149,On reveal: Move away all enemy cards played here this turn. (including unrevealed cards),Juggernaut
KaZar,https://marvelsnapzone.com/wp-content/themes/blocksy-child/assets/media/cards/ka-zar.webp?v=149,Ongoing: Your 1-cost cards have +1 power.,KaZar
Kang,https://marvelsnapzone.com/wp-content/themes/blocksy-child/assets/media/cards/kang.webp?v=149,"On reveal: Look at what your opponent did, then restart the turn. (without kang)",Kang
Killmonger,https://marvelsnapzone.com/wp-content/themes/blocksy-child/assets/media/cards/killmonger.webp?v=149,On reveal: Destroy all 1-cost cards.,Killmonger
Kingpin,https://marvelsnapzone.com/wp-content/themes/blocksy-child/assets/media/cards/kingpin.webp?v=149,"When a card moves here on turn 6, destroy it.",Kingpin
KittyPryde,https://marvelsnapzone.com/wp-content/themes/blocksy-child/assets/media/cards/kitty-pryde.webp?v=149,"When this returns to your hand, +1 power. Returns at the start of each turn.",KittyPryde
Klaw,https://marvelsnapzone.com/wp-content/themes/blocksy-child/assets/media/cards/klaw.webp?v=149,Ongoing: The location to the right has +6 power.,Klaw
Knull,https://marvelsnapzone.com/wp-content/themes/blocksy-child/assets/media/cards/knull.webp?v=149,Ongoing: Has the combined power of all cards destroyed this game.,Knull
Korg,https://marvelsnapzone.com/wp-content/themes/blocksy-child/assets/media/cards/korg.webp?v=149,On reveal: Shuffle a rock into your opponent's deck.,Korg
Kraven,https://marvelsnapzone.com/wp-content/themes/blocksy-child/assets/media/cards/kraven.webp?v=149,"When a card moves here, this gains +2 power.",Kraven
LadyDeathstrike,https://marvelsnapzone.com/wp-content/themes/blocksy-child/assets/media/cards/lady-deathstrike.webp?v=149,On reveal: Destroy each card here with less power than this.,LadyDeathstrike
LadySif,https://marvelsnapzone.com/wp-content/themes/blocksy-child/assets/media/cards/lady-sif.webp?v=149,On reveal: Discard the highest-cost card from your hand.,LadySif
Leader,https://marvelsnapzone.com/wp-content/themes/blocksy-child/assets/media/cards/leader.webp?v=149,"On reveal: Copy the enemy card(s) with the highest power played this turn, but on your side.",Leader
Leech,https://marvelsnapzone.com/wp-content/themes/blocksy-child/assets/media/cards/leech.webp?v=149,"At the start of turn 6, remove all abilities from cards in your opponent's hand.",Leech
Legion,https://marvelsnapzone.com/wp-content/themes/blocksy-child/assets/media/cards/legion.webp?v=149,On reveal: Replace each other location with this one.,Legion
Lizard,https://marvelsnapzone.com/wp-content/themes/blocksy-child/assets/media/cards/lizard.webp?v=149,Ongoing: -4 power if your opponent has 4 cards here.,Lizard
Lockjaw,https://marvelsnapzone.com/wp-content/themes/blocksy-child/assets/media/cards/lockjaw.webp?v=149,No ability,Lockjaw
Loki,https://marvelsnapzone.com/wp-content/themes/blocksy-child/assets/media/cards/loki.webp?v=149,On reveal: Replace your hand with cards from your opponent's starting deck. Give them -1 cost.,Loki
LukeCage,https://marvelsnapzone.com/wp-content/themes/blocksy-child/assets/media/cards/luke-cage.webp?v=149,Ongoing: Your cards here can't have their power reduced.,LukeCage
MBaku,https://marvelsnapzone.com/wp-content/themes/blocksy-child/assets/media/cards/mbaku.webp?v=149,"If this is in your deck at the end of the game, it jumps to a location.",MBaku
Magik,https://marvelsnapzone.com/wp-content/themes/blocksy-child/assets/media/cards/magik.webp?v=149,On reveal: Replace this location with 'limbo'. Doesn't work after turn 5.,Magik
Magneto,https://marvelsnapzone.com/wp-content/themes/blocksy-child/assets/media/cards/magneto.webp?v=149,On reveal: Move all enemy 3 and 4-cost cards to this location.,Magneto
ManThing,https://marvelsnapzone.com/wp-content/themes/blocksy-child/assets/media/cards/man-thing.webp?v=149,"Ongoing: 1, 2, and 3-cost cards here have -2 power.",ManThing
Mantis,https://marvelsnapzone.com/wp-content/themes/blocksy-child/assets/media/cards/mantis.webp?v=149,"On reveal: If your opponent played a card here this turn, draw a card from their deck.",Mantis
MariaHill,https://marvelsnapzone.com/wp-content/themes/blocksy-child/assets/media/cards/maria-hill.webp?v=149,On reveal: Add a random 2-cost card to your hand.,MariaHill
Martyr,https://marvelsnapzone.com/wp-content/themes/blocksy-child/assets/media/cards/martyr.webp?v=149,No ability,Martyr
MasterMold,https://marvelsnapzone.com/wp-content/themes/blocksy-child/assets/media/cards/master-mold.webp?v=149,On reveal: Add 2 sentinel to your opponent's hand.,MasterMold
Maximus,https://marvelsnapzone.com/wp-content/themes/blocksy-child/assets/media/cards/maximus.webp?v=149,On reveal: Your opponent draws 2 cards.,Maximus
Medusa,https://marvelsnapzone.com/wp-content/themes/blocksy-child/assets/media/cards/medusa.webp?v=149,"On reveal: If this is at the middle location, +3 power.",Medusa
Miek,https://marvelsnapzone.com/wp-content/themes/blocksy-child/assets/media/cards/miek.webp?v=149,"After each turn, if you discarded any cards, gain +1 power for each and move.",Miek
MilesMorales,https://marvelsnapzone.com/wp-content/themes/blocksy-child/assets/media/cards/miles-morales.webp?v=149,"If a card moved last turn, this costs 1.",MilesMorales
MindStone,https://marvelsnapzone.com/wp-content/themes/blocksy-child/assets/media/cards/mind-stone.webp?v=149,On reveal: Draw 2 1-cost cards from your deck.,MindStone
Mirage,https://marvelsnapzone.com/wp-content/themes/blocksy-child/assets/media/cards/mirage.webp?v=149,On reveal: Copy the lowest-cost card in your opponent's hand into your hand. Give it +2 power.,Mirage
MisterFantastic,https://marvelsnapzone.com/wp-content/themes/blocksy-child/assets/media/cards/mister-fantastic.webp?v=149,Ongoing: Adjacent locations have +2 power.,MisterFantastic
MisterNegative,https://marvelsnapzone.com/wp-content/themes/blocksy-child/assets/media/cards/mister-negative.webp?v=149,On reveal: Swap the power and cost of all cards in your deck.,MisterNegative
MisterSinister,https://marvelsnapzone.com/wp-content/themes/blocksy-child/assets/media/cards/mister-sinister.webp?v=149,On reveal: Add a sinister clone here with the same power.,MisterSinister
MistyKnight,https://marvelsnapzone.com/wp-content/themes/blocksy-child/assets/media/cards/misty-knight.webp?v=149,No ability,MistyKnight
Mjölnir,https://marvelsnapzone.com/wp-content/themes/blocksy-child/assets/media/cards/mjolnir.webp?v=149,On reveal: Give thor +6 power.,Mjölnir
MobiusM.Mobius,https://marvelsnapzone.com/wp-content/themes/blocksy-child/assets/media/cards/mobius-m-mobius.webp?v=149,Ongoing: Your costs can't be increased. Your opponent's costs can't be reduced.,MobiusM.Mobius
Modok,https://marvelsnapzone.com/wp-content/themes/blocksy-child/assets/media/cards/modok.webp?v=149,On reveal: Discard your hand.,Modok
Mojo,https://marvelsnapzone.com/wp-content/themes/blocksy-child/assets/media/cards/mojo.webp?v=149,"Ongoing: If both sides here are full, +6 power.",Mojo
Monster,https://marvelsnapzone.com/wp-content/themes/blocksy-child/assets/media/cards/monster.webp?v=149,No ability,Monster
MoonGirl,https://marvelsnapzone.com/wp-content/themes/blocksy-child/assets/media/cards/moon-girl.webp?v=149,On reveal: Duplicate your hand.,MoonGirl
MoonKnight,https://marvelsnapzone.com/wp-content/themes/blocksy-child/assets/media/cards/moon-knight.webp?v=149,On reveal: Discard a card from each player's hand.,MoonKnight
Morbius,https://marvelsnapzone.com/wp-content/themes/blocksy-child/assets/media/cards/morbius.webp?v=149,Ongoing: +2 power for each time you discarded a card this game.,Morbius
Morph,https://marvelsnapzone.com/wp-content/themes/blocksy-child/assets/media/cards/morph.webp?v=149,On reveal: Become a copy of a card in your opponent's hand.,Morph
Ms.Marvel,https://marvelsnapzone.com/wp-content/themes/blocksy-child/assets/media/cards/ms-marvel.webp?v=149,Ongoing: Adjacent locations where your cards have unique costs have +5 power.,Ms.Marvel
MultipleMan,https://marvelsnapzone.com/wp-content/themes/blocksy-child/assets/media/cards/multiple-man.webp?v=149,"When this moves, add a copy to the old location.",MultipleMan
Mysterio,https://marvelsnapzone.com/wp-content/themes/blocksy-child/assets/media/cards/mysterio.webp?v=149,"As you play this, play illusions to other locations. Disguise this as an illusion until the game ends.",Mysterio
Mysterio?,https://marvelsnapzone.com/wp-content/themes/blocksy-child/assets/media/cards/mysterio-.webp?v=149,No ability,Mysterio?
Mystique,https://marvelsnapzone.com/wp-content/themes/blocksy-child/assets/media/cards/mystique.webp?v=149,"On reveal: If the last card you played has an ongoing, copy its text. (if it's in play)",Mystique
Nakia,https://marvelsnapzone.com/wp-content/themes/blocksy-child/assets/media/cards/nakia.webp?v=149,On reveal: Give all cards in your hand +1 power.,Nakia
Namor,https://marvelsnapzone.com/wp-content/themes/blocksy-child/assets/media/cards/namor.webp?v=149,Ongoing: +5 power if this is your only card here.,Namor
Nebula,https://marvelsnapzone.com/wp-content/themes/blocksy-child/assets/media/cards/nebula.webp?v=149,No ability,Nebula
NegasonicTeenageWarhead,https://marvelsnapzone.com/wp-content/themes/blocksy-child/assets/media/cards/negasonic-teenage-warhead.webp?v=149,No ability,NegasonicTeenageWarhead
NickFury,https://marvelsnapzone.com/wp-content/themes/blocksy-child/assets/media/cards/nick-fury.webp?v=149,On reveal: Add 3 random 6-cost cards to your hand.,NickFury
NicoMinoru,https://marvelsnapzone.com/wp-content/themes/blocksy-child/assets/media/cards/nico-minoru.webp?v=149,"On reveal: After you play your next card, cast a spell. (the spell changes each turn.)",NicoMinoru
NicoMinoruSpell01,https://marvelsnapzone.com/wp-content/themes/blocksy-child/assets/media/cards/nico-minoru-spell-01.webp?v=149,"On reveal: After you play your next card, it becomes a demon.",NicoMinoruSpell01
NicoMinoruSpell02,https://marvelsnapzone.com/wp-content/themes/blocksy-child/assets/media/cards/nico-minoru-spell-02.webp?v=149,"On reveal: After you play your next card, destroy it to draw two cards.",NicoMinoruSpell02
NicoMinoruSpell03,https://marvelsnapzone.com/wp-content/themes/blocksy-child/assets/media/cards/nico-minoru-spell-03.webp?v=149,"On reveal: After you play your next card, move it one location to the right.",NicoMinoruSpell03
NicoMinoruSpell04,https://marvelsnapzone.com/wp-content/themes/blocksy-child/assets/media/cards/nico-minoru-spell-04.webp?v=149,"On reveal: After you play your next card, give it +2 power.",NicoMinoruSpell04
NicoMinoruSpell05,https://marvelsnapzone.com/wp-content/themes/blocksy-child/assets/media/cards/nico-minoru-spell-05.webp?v=149,"On reveal: After you play your next card, replace that card's location.",NicoMinoruSpell05
NicoMinoruSpell06,https://marvelsnapzone.com/wp-content/themes/blocksy-child/assets/media/cards/nico-minoru-spell-06.webp?v=149,"On reveal: After you play your next card, add a copy of it to your hand.",NicoMinoruSpell06
NicoMinoruSpell07,https://marvelsnapzone.com/wp-content/themes/blocksy-child/assets/media/cards/nico-minoru-spell-07.webp?v=149,"On reveal: After you play your next card, double this card's power.",NicoMinoruSpell07
Nightcrawler,https://marvelsnapzone.com/wp-content/themes/blocksy-child/assets/media/cards/nightcrawler.webp?v=149,You can move this once.,Nightcrawler
Nimrod,https://marvelsnapzone.com/wp-content/themes/blocksy-child/assets/media/cards/nimrod.webp?v=149,"When this is destroyed, add a copy to each other location.",Nimrod
Ninja,https://marvelsnapzone.com/wp-content/themes/blocksy-child/assets/media/cards/ninja.webp?v=149,No ability,Ninja
Nova,https://marvelsnapzone.com/wp-content/themes/blocksy-child/assets/media/cards/nova.webp?v=149,"When this is destroyed, give your cards +1 power.",Nova
Odin,https://marvelsnapzone.com/wp-content/themes/blocksy-child/assets/media/cards/odin.webp?v=149,On reveal: Activate the on reveal abilities of your other cards here.,Odin
Okoye,https://marvelsnapzone.com/wp-content/themes/blocksy-child/assets/media/cards/okoye.webp?v=149,On reveal: Give every card in your deck +1 power.,Okoye
OmegaRed,https://marvelsnapzone.com/wp-content/themes/blocksy-child/assets/media/cards/omega-red.webp?v=149,"Ongoing: If you're ahead by 10 power here, +4 power to other locations.",OmegaRed
Onslaught,https://marvelsnapzone.com/wp-content/themes/blocksy-child/assets/media/cards/onslaught.webp?v=149,Ongoing: Double your other ongoing effects here.,Onslaught
Orka,https://marvelsnapzone.com/wp-content/themes/blocksy-child/assets/media/cards/orka.webp?v=149,Ongoing: +5 power if this is your only card here.,Orka
Patriot,https://marvelsnapzone.com/wp-content/themes/blocksy-child/assets/media/cards/patriot.webp?v=149,Ongoing: Your cards with no abilities have +2 power.,Patriot
Pig,https://marvelsnapzone.com/wp-content/themes/blocksy-child/assets/media/cards/pig.webp?v=149,No ability,Pig
Polaris,https://marvelsnapzone.com/wp-content/themes/blocksy-child/assets/media/cards/polaris.webp?v=149,On reveal: Move an enemy 1 or 2-cost card to this location.,Polaris
PowerStone,https://marvelsnapzone.com/wp-content/themes/blocksy-child/assets/media/cards/power-stone.webp?v=149,"Ongoing: If you've played all 6 stones, thanos has +10 power. (wherever he is)",PowerStone
ProfessorX,https://marvelsnapzone.com/wp-content/themes/blocksy-child/assets/media/cards/professor-x.webp?v=149,"Ongoing: Lock down this location. (cards can't be added, removed, etc.)",ProfessorX
ProximaMidnight,https://marvelsnapzone.com/wp-content/themes/blocksy-child/assets/media/cards/proxima-midnight.webp?v=149,No ability,ProximaMidnight
Psylocke,https://marvelsnapzone.com/wp-content/themes/blocksy-child/assets/media/cards/psylocke.webp?v=149,"On reveal: Next turn, you get +1 energy.",Psylocke
Punisher,https://marvelsnapzone.com/wp-content/themes/blocksy-child/assets/media/cards/punisher.webp?v=149,Ongoing: +1 power for each enemy card here.,Punisher
Quake,https://marvelsnapzone.com/wp-content/themes/blocksy-child/assets/media/cards/quake.webp?v=149,"On reveal: If this is at the middle location, swap the positions of each location.",Quake
Quicksilver,https://marvelsnapzone.com/wp-content/themes/blocksy-child/assets/media/cards/quicksilver.webp?v=149,Starts in your opening hand.,Quicksilver
Quinjet,https://marvelsnapzone.com/wp-content/themes/blocksy-child/assets/media/cards/quinjet.webp?v=149,Ongoing: Cards that didn't start in your deck cost 1 less. (minimum 1),Quinjet
Raptor,https://marvelsnapzone.com/wp-content/themes/blocksy-child/assets/media/cards/raptor.webp?v=149,No ability,Raptor
RavonnaRenslayer,https://marvelsnapzone.com/wp-content/themes/blocksy-child/assets/media/cards/ravonna-renslayer.webp?v=149,Ongoing: Your cards with 1 or less power cost 1 less. (minimum 1),RavonnaRenslayer
RealityStone,https://marvelsnapzone.com/wp-content/themes/blocksy-child/assets/media/cards/reality-stone.webp?v=149,On reveal: Transform this location into a new one. Draw a card.,RealityStone
RedSkull,https://marvelsnapzone.com/wp-content/themes/blocksy-child/assets/media/cards/red-skull.webp?v=149,Ongoing: Enemy cards here have +2 power.,RedSkull
Rescue,https://marvelsnapzone.com/wp-content/themes/blocksy-child/assets/media/cards/rescue.webp?v=149,"On reveal: If you play a card at this location next turn, +5 power.",Rescue
Rhino,https://marvelsnapzone.com/wp-content/themes/blocksy-child/assets/media/cards/rhino.webp?v=149,On reveal: Ruin this location. (remove its ability),Rhino
Rock,https://marvelsnapzone.com/wp-content/themes/blocksy-child/assets/media/cards/rock.webp?v=149,No ability,Rock
RocketRaccoon,https://marvelsnapzone.com/wp-content/themes/blocksy-child/assets/media/cards/rocket-raccoon.webp?v=149,"On reveal: If your opponent played a card here this turn, +2 power.",RocketRaccoon
Rockslide,https://marvelsnapzone.com/wp-content/themes/blocksy-child/assets/media/cards/rockslide.webp?v=149,On reveal: Shuffle 2 rocks into your opponent's deck.,Rockslide
Rogue,https://marvelsnapzone.com/wp-content/themes/blocksy-child/assets/media/cards/rogue.webp?v=149,On reveal: Steal the text from an enemy ongoing card here.,Rogue
RonanTheAccuser,https://marvelsnapzone.com/wp-content/themes/blocksy-child/assets/media/cards/ronan-the-accuser.webp?v=149,Ongoing: +2 power for each card in your opponent's hand.,RonanTheAccuser
Sabretooth,https://marvelsnapzone.com/wp-content/themes/blocksy-child/assets/media/cards/sabretooth.webp?v=149,"When this is destroyed, return it to your hand. It costs 0.",Sabretooth
Sandman,https://marvelsnapzone.com/wp-content/themes/blocksy-child/assets/media/cards/sandman.webp?v=149,Ongoing: Players can only play 1 card a turn.,Sandman
Sauron,https://marvelsnapzone.com/wp-content/themes/blocksy-child/assets/media/cards/sauron.webp?v=149,On reveal: Remove the abilities from all ongoing cards in your hand and deck.,Sauron
ScarletWitch,https://marvelsnapzone.com/wp-content/themes/blocksy-child/assets/media/cards/scarlet-witch.webp?v=149,On reveal: Replace this location with a new one.,ScarletWitch
Scorpion,https://marvelsnapzone.com/wp-content/themes/blocksy-child/assets/media/cards/scorpion.webp?v=149,On reveal: Afflict cards in your opponent's hand with -1 power.,Scorpion
SebastianShaw,https://marvelsnapzone.com/wp-content/themes/blocksy-child/assets/media/cards/sebastian-shaw.webp?v=149,No ability,SebastianShaw
Selene,https://marvelsnapzone.com/wp-content/themes/blocksy-child/assets/media/cards/selene.webp?v=149,On reveal: Afflict the lowest-power card in each player's hand with -3 power.,Selene
Sentinel,https://marvelsnapzone.com/wp-content/themes/blocksy-child/assets/media/cards/sentinel.webp?v=149,On reveal: Add another sentinel to your hand.,Sentinel
Sentry,https://marvelsnapzone.com/wp-content/themes/blocksy-child/assets/media/cards/sentry.webp?v=149,You can't play this at the right location. On reveal: Add a -10 power void to the right location.,Sentry
Sera,https://marvelsnapzone.com/wp-content/themes/blocksy-child/assets/media/cards/sera.webp?v=149,Ongoing: Cards in your hand cost 1 less. (minimum 1),Sera
ShadowKing,https://marvelsnapzone.com/wp-content/themes/blocksy-child/assets/media/cards/shadow-king.webp?v=149,On reveal: Set all cards here to their original base power.,ShadowKing
ShangChi,https://marvelsnapzone.com/wp-content/themes/blocksy-child/assets/media/cards/shang-chi.webp?v=149,On reveal: Destroy all enemy cards here that have 10 or more power.,ShangChi
Shanna,https://marvelsnapzone.com/wp-content/themes/blocksy-child/assets/media/cards/shanna.webp?v=149,On reveal: Add a random 1-cost card to each location.,Shanna
SheHulk,https://marvelsnapzone.com/wp-content/themes/blocksy-child/assets/media/cards/she-hulk.webp?v=149,Costs 1 less for each unspent energy last turn.,SheHulk
Shocker,https://marvelsnapzone.com/wp-content/themes/blocksy-child/assets/media/cards/shocker.webp?v=149,No ability,Shocker
Shuri,https://marvelsnapzone.com/wp-content/themes/blocksy-child/assets/media/cards/shuri.webp?v=149,"On reveal: If you play your next card at this location, double its power.",Shuri
Silk,https://marvelsnapzone.com/wp-content/themes/blocksy-child/assets/media/cards/silk.webp?v=149,"After any card is played here, this moves to another location.",Silk
SilverSamurai,https://marvelsnapzone.com/wp-content/themes/blocksy-child/assets/media/cards/silver-samurai.webp?v=149,On reveal: Each player discards the lowest-power card from their hand.,SilverSamurai
SilverSurfer,https://marvelsnapzone.com/wp-content/themes/blocksy-child/assets/media/cards/silver-surfer.webp?v=149,On reveal: Give your other 3-cost cards +2 power.,SilverSurfer
SinisterClone,https://marvelsnapzone.com/wp-content/themes/blocksy-child/assets/media/cards/sinister-clone.webp?v=149,No ability,SinisterClone
Skaar,https://marvelsnapzone.com/wp-content/themes/blocksy-child/assets/media/cards/skaar.webp?v=149,Costs 2 less for each of your cards that has 10 or more power.,Skaar
Snowguard,https://marvelsnapzone.com/wp-content/themes/blocksy-child/assets/media/cards/snowguard.webp?v=149,On reveal: Add the hawk and bear auroras to your hand.,Snowguard
SnowguardBear,https://marvelsnapzone.com/wp-content/themes/blocksy-child/assets/media/cards/snowguard-bear.webp?v=149,On reveal: Trigger the effect of this location.,SnowguardBear
SnowguardHawk,https://marvelsnapzone.com/wp-content/themes/blocksy-child/assets/media/cards/snowguard-hawk.webp?v=149,On reveal: Ignore all location abilities until the end of next turn. (they resume if the game ends.),SnowguardHawk
SnowguardWolf,https://marvelsnapzone.com/wp-content/themes/blocksy-child/assets/media/cards/snowguard-wolf.webp?v=149,Ongoing: -2 power for each other card you have here.,SnowguardWolf
SoulStone,https://marvelsnapzone.com/wp-content/themes/blocksy-child/assets/media/cards/soul-stone.webp?v=149,Ongoing: Enemy cards here have -1 power.,SoulStone
SpaceStone,https://marvelsnapzone.com/wp-content/themes/blocksy-child/assets/media/cards/space-stone.webp?v=149,"On reveal: Next turn, you can move one card to this location. Draw a card.",SpaceStone
Spectrum,https://marvelsnapzone.com/wp-content/themes/blocksy-child/assets/media/cards/spectrum.webp?v=149,On reveal: Give your ongoing cards +2 power.,Spectrum
SpiderHam,https://marvelsnapzone.com/wp-content/themes/blocksy-child/assets/media/cards/spider-ham.webp?v=149,"On reveal: Transform the leftmost card in your opponent's hand into a pig, keeping its power and cost.",SpiderHam
SpiderMan,https://marvelsnapzone.com/wp-content/themes/blocksy-child/assets/media/cards/spider-man.webp?v=149,On reveal: Move to another location and pull an enemy card from here to there.,SpiderMan
SpiderMan2099,https://marvelsnapzone.com/wp-content/themes/blocksy-child/assets/media/cards/spider-man-2099.webp?v=149,"The first time this moves to any location, destroy an enemy card there.",SpiderMan2099
SpiderWoman,https://marvelsnapzone.com/wp-content/themes/blocksy-child/assets/media/cards/spider-woman.webp?v=149,On reveal: Afflict all enemy cards here with -1 power.,SpiderWoman
Squirrel,https://marvelsnapzone.com/wp-content/themes/blocksy-child/assets/media/cards/squirrel.webp?v=149,No ability,Squirrel
SquirrelGirl,https://marvelsnapzone.com/wp-content/themes/blocksy-child/assets/media/cards/squirrel-girl.webp?v=149,On reveal: Add a 1-power squirrel to each other location.,SquirrelGirl
StarLord,https://marvelsnapzone.com/wp-content/themes/blocksy-child/assets/media/cards/star-lord.webp?v=149,"On reveal: If your opponent played a card here this turn, +3 power.",StarLord
Stature,https://marvelsnapzone.com/wp-content/themes/blocksy-child/assets/media/cards/stature.webp?v=149,Costs 1 if your opponent discarded a card this game.,Stature
Stegron,https://marvelsnapzone.com/wp-content/themes/blocksy-child/assets/media/cards/stegron.webp?v=149,On reveal: Move an enemy card from here to another location.,Stegron
Storm,https://marvelsnapzone.com/wp-content/themes/blocksy-child/assets/media/cards/storm.webp?v=149,On reveal: Flood this location. Next turn is the last turn cards can be played here.,Storm
Stormbreaker,https://marvelsnapzone.com/wp-content/themes/blocksy-child/assets/media/cards/stormbreaker.webp?v=149,On reveal: Double beta ray bill's power.,Stormbreaker
StrongGuy,https://marvelsnapzone.com/wp-content/themes/blocksy-child/assets/media/cards/strong-guy.webp?v=149,"Ongoing: If your hand is empty, +6 power.",StrongGuy
Sunspot,https://marvelsnapzone.com/wp-content/themes/blocksy-child/assets/media/cards/sunspot.webp?v=149,"After each turn, gain +1 power for each unspent energy.",Sunspot
SuperSkrull,https://marvelsnapzone.com/wp-content/themes/blocksy-child/assets/media/cards/super-skrull.webp?v=149,Ongoing: Has the ongoing effects of all enemy cards.,SuperSkrull
Supergiant,https://marvelsnapzone.com/wp-content/themes/blocksy-child/assets/media/cards/supergiant.webp?v=149,On reveal: All cards played this turn and next turn don't reveal until the game ends.,Supergiant
Swarm,https://marvelsnapzone.com/wp-content/themes/blocksy-child/assets/media/cards/swarm.webp?v=149,"When you discard this, add two copies that cost 0 to your hand.",Swarm
SwordMaster,https://marvelsnapzone.com/wp-content/themes/blocksy-child/assets/media/cards/sword-master.webp?v=149,On reveal: Discard a card from your hand.,SwordMaster
Symbiote,https://marvelsnapzone.com/wp-content/themes/blocksy-child/assets/media/cards/symbiote.webp?v=149,No ability,Symbiote
Taskmaster,https://marvelsnapzone.com/wp-content/themes/blocksy-child/assets/media/cards/taskmaster.webp?v=149,On reveal: Set this card's power equal to that of the last card you played. (if that card's in play),Taskmaster
Thanos,https://marvelsnapzone.com/wp-content/themes/blocksy-child/assets/media/cards/thanos.webp?v=149,"At the start of the game, shuffle the six infinity stones into your deck.",Thanos
TheCollector,https://marvelsnapzone.com/wp-content/themes/blocksy-child/assets/media/cards/the-collector.webp?v=149,No ability,TheCollector
TheHood,https://marvelsnapzone.com/wp-content/themes/blocksy-child/assets/media/cards/the-hood.webp?v=149,On reveal: Add a demon to your hand.,TheHood
TheInfinaut,https://marvelsnapzone.com/wp-content/themes/blocksy-child/assets/media/cards/the-infinaut.webp?v=149,"If you played a card last turn, you can't play this.",TheInfinaut
TheLivingTribunal,https://marvelsnapzone.com/wp-content/themes/blocksy-child/assets/media/cards/the-living-tribunal.webp?v=149,Ongoing: Split your total power evenly among all locations.,TheLivingTribunal
ThePhoenixForce,https://marvelsnapzone.com/wp-content/themes/blocksy-child/assets/media/cards/the-phoenix-force.webp?v=149,On reveal: Revive one of your destroyed cards and merge with it. That card can move each turn.,ThePhoenixForce
TheThing,https://marvelsnapzone.com/wp-content/themes/blocksy-child/assets/media/cards/the-thing.webp?v=149,No ability,TheThing
TheVoid,https://marvelsnapzone.com/wp-content/themes/blocksy-child/assets/media/cards/the-void.webp?v=149,No ability,TheVoid
Thor,https://marvelsnapzone.com/wp-content/themes/blocksy-child/assets/media/cards/thor.webp?v=149,On reveal: Shuffle mjolnir into your deck.,Thor
TigerSpirit,https://marvelsnapzone.com/wp-content/themes/blocksy-child/assets/media/cards/tiger-spirit.webp?v=149,No ability,TigerSpirit
TimeStone,https://marvelsnapzone.com/wp-content/themes/blocksy-child/assets/media/cards/time-stone.webp?v=149,"On reveal: Draw a card. Next turn, you get +1 energy.",TimeStone
Titania,https://marvelsnapzone.com/wp-content/themes/blocksy-child/assets/media/cards/titania.webp?v=149,"After any card is played here, this card switches sides.",Titania
TyphoidMary,https://marvelsnapzone.com/wp-content/themes/blocksy-child/assets/media/cards/typhoid-mary.webp?v=149,Ongoing: Your other cards have -1 power.,TyphoidMary
UatuTheWatcher,https://marvelsnapzone.com/wp-content/themes/blocksy-child/assets/media/cards/uatu-the-watcher.webp?v=149,"At the start of the game, shows the right location to you.",UatuTheWatcher
Ultron,https://marvelsnapzone.com/wp-content/themes/blocksy-child/assets/media/cards/ultron.webp?v=149,On reveal: Deploy four 1-power drones to each other location.,Ultron
Valkyrie,https://marvelsnapzone.com/wp-content/themes/blocksy-child/assets/media/cards/valkyrie.webp?v=149,On reveal: Set all cards here to 3 power.,Valkyrie
Venom,https://marvelsnapzone.com/wp-content/themes/blocksy-child/assets/media/cards/venom.webp?v=149,On reveal: Destroy your other cards here. Add their power to this card.,Venom
Vibranium,https://marvelsnapzone.com/wp-content/themes/blocksy-child/assets/media/cards/vibranium.webp?v=149,Ongoing: Can't be destroyed.,Vibranium
Viper,https://marvelsnapzone.com/wp-content/themes/blocksy-child/assets/media/cards/viper.webp?v=149,On reveal: One of your other cards here switches sides.,Viper
Vision,https://marvelsnapzone.com/wp-content/themes/blocksy-child/assets/media/cards/vision.webp?v=149,You can move this each turn.,Vision
Vulture,https://marvelsnapzone.com/wp-content/themes/blocksy-child/assets/media/cards/vulture.webp?v=149,"When this card moves, +5 power.",Vulture
Warpath,https://marvelsnapzone.com/wp-content/themes/blocksy-child/assets/media/cards/warpath.webp?v=149,"Ongoing: If any of your locations are empty, +5 power.",Warpath
Wasp,https://marvelsnapzone.com/wp-content/themes/blocksy-child/assets/media/cards/wasp.webp?v=149,No ability,Wasp
Wave,https://marvelsnapzone.com/wp-content/themes/blocksy-child/assets/media/cards/wave.webp?v=149,On reveal: All cards cost a maximum of 4 until the end of next turn.,Wave
WerewolfByNight,https://marvelsnapzone.com/wp-content/themes/blocksy-child/assets/media/cards/werewolf-by-night.webp?v=149,"After you play an on reveal card at another location, move there to gain +2 power.",WerewolfByNight
WhiteQueen,https://marvelsnapzone.com/wp-content/themes/blocksy-child/assets/media/cards/white-queen.webp?v=149,On reveal: Copy the highest-cost card in your opponent's hand into your hand.,WhiteQueen
WhiteTiger,https://marvelsnapzone.com/wp-content/themes/blocksy-child/assets/media/cards/white-tiger.webp?v=149,On reveal: Add a 8-power tiger to another location.,WhiteTiger
WidowSBite,https://marvelsnapzone.com/wp-content/themes/blocksy-child/assets/media/cards/widows-bite.webp?v=149,"While this is in your hand, you can't draw cards.",WidowSBite
WinterSoldier,https://marvelsnapzone.com/wp-content/themes/blocksy-child/assets/media/cards/winter-soldier.webp?v=149,No ability,WinterSoldier
Wolfsbane,https://marvelsnapzone.com/wp-content/themes/blocksy-child/assets/media/cards/wolfsbane.webp?v=149,On reveal: +2 power for each other card you have here.,Wolfsbane
Wolverine,https://marvelsnapzone.com/wp-content/themes/blocksy-child/assets/media/cards/wolverine.webp?v=149,"When this is discarded or destroyed, regenerate it with +2 power at a random location.",Wolverine
Wong,https://marvelsnapzone.com/wp-content/themes/blocksy-child/assets/media/cards/wong.webp?v=149,Ongoing: Your on reveal abilities here happen twice.,Wong
X23,https://marvelsnapzone.com/wp-content/themes/blocksy-child/assets/media/cards/x-23.webp?v=149,"When this is discarded or destroyed, regenerate it at a random location and you get +1 energy next turn.",X23
Yellowjacket,https://marvelsnapzone.com/wp-content/themes/blocksy-child/assets/media/cards/yellowjacket.webp?v=149,On reveal: Afflict your other cards here with -1 power.,Yellowjacket
Yondu,https://marvelsnapzone.com/wp-content/themes/blocksy-child/assets/media/cards/yondu.webp?v=149,On reveal: Destroy the top card of your opponent's deck.,Yondu
Zabu,https://marvelsnapzone.com/wp-content/themes/blocksy-child/assets/media/cards/zabu.webp?v=149,Ongoing: Your 4-cost cards cost 1 less. (minimum 1),Zabu
Zero,https://marvelsnapzone.com/wp-content/themes/blocksy-child/assets/media/cards/zero.webp?v=149,On reveal: Remove the abilities on the next card you play.,Zero
